GivenName,Surname
Anne,Abrahams
William,Pollock
Warren,Cummings
Kevin,Goldsberry
Anthony,Wooten
Catherine,Black
Clara,Rivera
Lauri,Matteson
Michael,Davis
Juan,Rabon
Latasha,Ellis
Ruth,Guinn
Leon,Sprague
Mark,Rayner
Stephen,Osuna
Jeanne,Hobson
Kisha,Henson
Judith,Coley
William,Tung
Louis,Green
Ana,Kline
Heather,Brown
David,Rinehart
Warren,Spivey
Lewis,Mays
Chad,Howell
Cecil,Jennings
Darlene,Sparks
Stanley,Chronister
Christina,Brown
Eric,Matthews
Rebecca,Harrison
Marcia,Dunne
Thomas,Bishop
Richard,Healy
Jeffrey,Woody
Carmen,Warren
Betty,Littleton
Delores,Cook
Kristy,Chatman
George,Rossi
Susie,Hensley
Armando,Craft
Lee,Collins
Jaclyn,Carlson
Earnest,Smith
Claire,Lumpkin
Mary,Fuentes
Barbara,Mercado
Linda,Lewis
Michael,Wesley
Brian,Collins
Karen,Wert
Gregory,Bishop
Tamara,Vella
Lillian,Rudolph
Robert,Garcia
Wendell,Martin
Jimmie,Miller
Tyler,Hopper
Isabel,Bednar
William,Snead
Robert,Ellerman
Jeannette,Pollitt
Ronnie,Brewer
Alexander,Robinson
Bryan,Farmer
Mary,Price
Lorraine,Rodriguez
Lois,Williams
Thomas,Broadhead
Lori,Upson
Regina,Hanna
Byron,Singleton
James,Randall
Thomas,Boyd
Chanel,Collins
Greg,Myles
William,Luna
Scott,Wilkerson
Elizabeth,Pettit
Merna,Costa
Christian,Bonenfant
Michele,Bosserman
Rosa,Rosales
Sharon,Rickard
James,Pettis
Kathleen,Asbury
Courtney,Platt
Carol,McGill
Akiko,Johnson
Alvin,Caldwell
Raymond,Ewing
Josephine,Luciano
Rick,Adkins
Jean,Slaughter
Dorothy,Dawson
Kenneth,York
Frances,Williamson
Johnny,Austin
Tracy,Perez
Thomas,Kohler
Timothy,Thomas
Lesley,Spencer
Esteban,Vanfleet
Henry,Lim
Evelyn,Brown
Debra,Ross
Diana,Sims
Rebecca,Crawford
Rene,Hodge
Cheri,Smith
Daniel,Jackson
Greg,Murray
Michelle,Andrade
Alberta,Wright
Fay,Sharpe
Edward,Arnold
Benjamin,Bell
Amy,Peel
Patrick,Held
Julianne,Arnold
Ken,Courtois
Latoya,Johnson
Thomas,Oglesby
Tamara,Smith
Blanca,Schafer
Samuel,Mathis
Sylvia,Repass
Susann,Carbone
Stacy,Baker
Maria,Villegas
Linda,Krebs
Kelly,Baker
Tamara,Fahy
Brandon,Higgins
Steven,Fortune
Joe,Stephenson
Ann,Burdick
Melissa,Barkley
Cynthia,Heckman
Ella,Williams
Josue,Corbett
Samuel,Castaneda
Latisha,Cope
Louis,Richardson
Shirley,Shaw
Staci,Barclay
Caitlin,Kennedy
Jason,Thompson
Gloria,Fuller
Lona,Duncan
Gregory,Henderson
Russell,Strout
Deloris,Salvo
Samuel,Anderson
Brenda,Sanborn
Eddie,Hang
Martin,Hidalgo
Carol,Thompson
Kelly,Brown
Walter,Hiller
Gary,Reder
Rick,Peacock
Jennifer,Budd
Warren,Clark
Jody,Gonzalez
Cheryl,Clark
Cortney,Godinez
Jesse,Acevedo
Eric,Morris
Laura,Anaya
Mabel,Flores
Douglas,Vaughn
Cheyenne,Morgan
Maria,Lancaster
Betty,Ashley
Earl,Gregory
Donald,Herndon
Farrah,Cote
Stacy,Luciano
Flavia,Eveland
Maricela,Craven
Ann,Nielsen
Adrienne,Brogan
Edward,Harris
Gloria,Mills
Wanda,Faber
Jessica,Cory
Ursula,Ishmael
Maria,Mitchell
Karla,Landry
Leo,Schmidt
Milagros,Groce
Shauna,Shick
Moses,Davis
Jason,Hanson
Jessica,Cox
Stanley,Ridgley
Linda,Weinmann
Kimberly,Rogan
Robert,Feather
Desiree,Hill
Fred,Mooney
Linda,Young
Scott,Prichard
John,Ortiz
John,Clark
Thomas,Sharp
Harry,Rivers
Matthew,Gibson
Deborah,Lambert
Melissa,Langley
Beatriz,Smith
Catherine,Langley
Jerry,Neal
Marie,Murray
Dorothy,Herrera
Chelsea,Lopez
Thomas,Walling
Harold,Stambaugh
Anthony,Hale
Lauren,Honey
Karen,Shuff
Frieda,Taylor
Gary,Dressler
Philip,Little
Danny,Chandler
Maria,Ferraro
Benjamin,Robbins
Phyllis,Smith
Dorthy,Valladares
Jennifer,Dean
Jose,Briggs
Kenneth,Moya
Aurora,Arias
Muriel,Ragland
Gladys,Williamson
Michael,McFarlane
Karla,Hagans
George,Rodriguez
Frank,Chambers
Robert,Zajac
Joann,Landa
Albert,McKnight
James,Hall
Anita,Jones
Edna,Willer
Deborah,Lorentz
Doyle,Irwin
Ali,Ward
Mary,Stokes
Lane,Garcia
William,Guzman
Judith,Moore
Antonio,Bone
Javier,Garza
Bernadine,Taylor
Edward,Sutton
Brian,Griffin
Barbara,Guillen
Catrina,Atencio
Marjorie,Cordova
Rose,Gendron
Frances,Thomas
Gail,Munoz
Nancy,McCabe
Sofia,Jones
Mary,Royer
Debra,Horne
Malcolm,Burgess
Dennis,Parks
William,Geary
Iris,Metzler
Russell,Williams
Paul,Brunette
Martin,Gray
Betty,Sing
Ronald,Yates
Charleen,Thomas
Laura,Stafford
Joe,Bates
Timothy,Kimmons
Carol,Walters
Linda,Nelson
Rodger,Morgan
Mark,Jennings
Kayla,Gannon
Benita,Tanner
Terrance,Torres
David,Gonsalves
Billy,Delapaz
Edwin,Dawson
Rachel,Sheehy
Alfred,Fu
Diane,Redfield
Amanda,Graham
Gladys,Miller
Joann,Lowe
Sarah,Plante
Arthur,Vela
Holly,Krause
Bertram,Mason
Rosemary,Vickers
Martha,McGee
John,Burritt
Timothy,Allen
Robert,Dumais
John,Burmeister
Crystal,Bullock
Rita,Tefft
Courtney,Skidmore
Robert,Miles
Guadalupe,McGill
Lillian,Myers
Marty,Stegner
Barbara,Hyden
Robert,Pryor
Juanita,Lehman
Rena,Frederick
Frank,Malik
Wesley,Shaw
Steven,Collins
Jason,Holleman
Christopher,Seay
Royce,Shelton
Cynthia,Leblanc
Camie,Davenport
Barbara,Robin
Florence,McCracken
Michael,Bergerson
Patrick,Leo
Nicholas,Cade
Donald,Cheesman
Gary,Holmes
Franklin,Keeling
Christopher,Hanson
Donald,Riley
George,Olesen
Robert,Chapman
Mark,Hinojosa
Cody,Coleman
Sharon,Bell
Troy,Bowman
Jon,Mitchell
Richard,Santos
Michael,Musgrove
Oscar,Raya
Wes,Chalmers
Nancy,Walker
Richard,Sosa
Nancy,Bourgeois
Dustin,Williams
Helen,McDonald
Mika,Stallworth
Sally,Hedrick
Wendy,Winans
Helen,Flack
Donald,Brickhouse
Albert,Nocera
Kenneth,Long
Mattie,Weems
John,Williamson
Joelle,Clayson
Margaret,Hood
Tracey,Ruby
Jerry,Cervantez
Harland,White
Jerry,Johnson
Sheila,Roberts
Roy,Rose
Ruth,Pierce
Marilyn,Duckworth
Jason,Germann
Lorna,Deleon
John,Arnold
Paul,Adelman
Arnold,Cardoza
Fredericka,Fraser
Sara,Meeks
Ryan,Edmondson
Shirley,Acuna
Wayne,McDonald
Bart,Woodmansee
Charles,Toombs
Nancy,Lenoir
Jose,Dimond
Jack,Partington
Alvin,Fernandez
Ricky,Hamlin
Daniel,Driskell
Kelli,Sellman
David,Colton
Phillip,Doty
Kathryn,Losey
Angela,McIntire
Phuong,Lewis
Bernice,Cook
Catherine,Ingram
Andre,Higgins
Eddy,Griffin
Darlene,Quintero
Charles,Wilson
Donna,Murray
William,Dunaway
Zachary,Boaz
Gonzalo,Warner
Larry,Bacon
Micheal,Macias
Sandra,McKnight
Melissa,Thomas
Scott,Brown
Fred,Blake
Anna,Westmoreland
Catherine,Reyes
Dominic,Standish
Clarence,Kimbrough
Greg,O'Connor
Rebecca,Odom
Gwendolyn,Binder
Nancy,Moore
Andrea,Witt
Adam,Shih
John,Smith
Teresa,Guerrero
Consuelo,Cole
Kenneth,Pineda
Dorothy,Robbins
Christopher,Wilson
David,Craig
Julie,Leach
Shannon,Paul
Grace,Bolanos
Victoria,Lake
Robert,Allen
Rose,Fields
Bruce,Hodgdon
Josefina,Seaman
Joesph,Haskins
Walter,Vannatta
James,Paez
Lori,Cunningham
Collene,Frederick
Gloria,Hicks
Donna,Carvalho
Cindy,Jackson
Denise,Carswell
Geraldine,Curry
Paul,Alfaro
Seymour,Baier
Donald,Ansell
Candelaria,McCoy
Brett,Tso
Cara,Snow
Pennie,Netherton
Wilma,Perry
Mathew,Holmberg
Joseph,Woodberry
Justin,Kersey
Paul,Boyden
Brenda,Ware
Rita,Jeter
Don,Jordan
Victoria,Benningfield
Timmy,Jeffrey
Kevin,Kingston
Brooke,Morrill
Alice,Franklin
Carolyn,Womble
Kathryn,Brenneman
Kevin,Sellars
Julie,Ward
Craig,Alley
Christopher,Rivard
Charlotte,Antunez
Justin,Rodrigues
Jennifer,Barker
Donald,Adair
Nina,Randolph
Steve,Savage
Sherry,Ramos
Andrew,Reynolds
Ramona,Dawson
Walter,Gregory
Barbara,Nolen
Andrea,Cain
Betty,Leon
Leanna,Butler
Linda,Swartwood
Kathleen,Schafer
Josephine,Richardson
Bruce,White
Rita,Downs
Sherrie,Lindsey
Oliver,Wegner
Catherine,Marden
Ruth,Whitlow
Christine,Moore
Geri,Brown
James,Amato
Teresa,Wise
Darrell,Ochoa
William,Sorensen
Bernice,Martin
Juanita,Alligood
Floyd,McLaughlin
Paul,Miles
Bruce,Williams
Yolanda,Williams
Adrian,Walker
Carol,Cavazos
Linda,Kime
Alexandra,Trimble
Ronnie,Martinez
Cynthia,Harris
Lyle,Galaz
Margaret,Davidson
Norman,Bonds
Harriet,English
Vivian,Johnson
Russell,Dawson
Tonja,Perez
Beth,Davis
Shirley,McGrath
Nicholas,Sprankle
Dana,Hicks
Mike,Valencia
Melissa,Makela
James,Williams
Lindsey,Elliott
Faith,Clark
Zachery,Henry
Patricia,Latta
Edwin,Lester
Paul,Robinson
Jeffery,Walter
Carol,Bitting
Paul,Harrison
Myrtle,Watts
Jeremiah,Hills
Lottie,Likens
Bradley,Taylor
Teresa,Ross
Kenneth,Doe
Debra,Gault
Thomas,Rhoades
Phillip,Doyle
Lisa,Folkes
Guy,Bourgeois
James,Jackson
Elizabeth,Jones
Shamika,Perry
Rosie,Ozuna
Jessica,Wright
William,Terry
Melinda,Gonzalez
Sandra,Fall
Denise,Hansen
Heather,Jacobs
Greg,Calabrese
Andres,Baskin
Kimberly,Wilkins
Terri,Douglas
Audrey,Figueroa
David,Belanger
James,Jacques
James,Lowe
James,Ours
Jeremy,Cruz
Amber,Ethridge
James,Hemphill
Ima,Smith
Geoffrey,Liles
Michele,Hunt
Dean,Taggart
Sabrina,Parker
Donna,Hilton
Gordon,King
Charlene,Gray
Louise,Richard
Veronica,Bledsoe
Niki,Stevens
Joyce,Fricke
Ann,Galligan
Lindsey,Holden
William,Freeman
Wilma,Caldwell
Edward,Moss
Patricia,Parsons
Lang,Cook
Anna,Ford
Sylvester,Miller
Armando,Black
Nana,Gray
Nicole,Dorsey
Kay,Critchlow
Willie,Maddox
Amanda,Benedict
Darin,Gustafson
Matthew,Michaud
Bennie,Burrows
John,Chapman
Carlos,Westrick
Denver,Johnson
Joseph,Caudell
Sean,Grijalva
Jason,Chadwick
Wilma,Moore
Edith,Rodriquez
Mary,Longworth
James,Bell
Jesse,Ibarra
Irena,Dodson
William,Jones
Nicole,Wallace
Lillian,Keen
Angela,Hernandez
Lisa,Hall
Morris,McCollum
Bobby,Johnston
Paul,Glines
Aisha,Hall
Christal,Holmes
Arthur,Sanchez
Destiny,Moore
Elizabeth,Byrd
Katy,Nicolas
Adam,Tharpe
Mark,James
Erika,Ayres
Glenn,Faught
Stacy,Snook
George,Lehmann
Elizabeth,Ohara
Lois,Ison
Kia,Chavez
Tonya,Dyer
Bonita,Kyle
Lisa,Zuniga
Vicki,Crenshaw
Helen,Guillemette
Christopher,Franklin
Amy,Gwynn
Crystal,McNeill
Lester,Coomer
Ana,Hardin
Eva,Lewis
Jaime,Walker
Jo,Keller
Milton,Silva
Robert,Warren
Katherine,Lemus
Leonard,Laws
Ricky,Ford
Dennis,Arthur
Bennie,Quintana
Ashley,Shea
Cecelia,Chaparro
Mike,Turner
Tommy,McCool
Robert,Verret
Alfredo,Varner
Jordan,Hicks
Laurie,Sullivan
Ronald,Winchester
Karl,Loe
Brent,Lamay
Matthew,Desmarais
Kimberly,Johnson
Lisa,Kurz
Mary,Smith
Ashly,Pryor
Edward,Richard
Juan,James
Ricky,Buckner
Eugene,Bess
William,Campbell
Colleen,Jackson
April,Bowman
Donald,Burgess
Jennifer,Hill
Thomas,Nguyen
Dorothy,Garwood
Carolyn,Wade
Allison,Wainwright
Dominic,Chappell
James,Corcoran
Joy,Thomas
Larry,Nunez
Dennis,Blackburn
Marcel,Bolt
Donna,Beeson
Cathy,Peacock
Carlos,Payne
Ira,Bridges
Stephen,Lee
Tonya,Keil
Christopher,Sharpless
Raymond,Flora
Charles,Cassidy
Olga,Arnwine
Regina,Gomez
James,Palmer
Stewart,Pacheco
Mark,Anderson
Sidney,Jackson
Margaret,Whitworth
Mary,Warren
Florence,Mashburn
Charles,Sawyers
Brandon,Leatham
Barbara,Stephens
Joseph,Mahler
Robert,Alvarez
Susan,Knisley
Kerrie,Scholz
Brent,Baker
Ma,Butkovich
Amy,Kidwell
Sidney,Losey
James,Christian
Stanley,Clark
Elizabeth,Stark
Stuart,Frederick
Annie,Coulter
John,Roney
Travis,Demott
Mark,Reed
William,Wilson
Nicole,Anderson
Matt,Cusumano
Linda,Lynch
George,Martinez
Belinda,Jackson
Elizabeth,Martinsen
Phil,Maas
Donna,Wyrick
William,Grant
Terry,Davis
Margaret,Dickson
Ted,Hendry
Malissa,Dominguez
Olga,Andersen
Bridget,Daugherty
Stephanie,Lee
Mathew,Cole
Jared,Fleury
David,Bell
Tom,Nix
Santos,Serna
Walter,Torres
Elaine,Henderson
Vernon,Messinger
Karen,Kee
Anna,Parks
Lowell,Sullivan
Alyssa,Cano
Carla,Cardwell
Tiffany,Howard
Pete,Christopher
Curt,Bruch
Lillian,McCabe
Cole,Harrington
Hugo,Hall
Terry,Reamer
David,Singleton
Susan,Carr
Robert,Fomby
Stanley,McKie
Corrine,Litton
Eric,Jackson
Dennis,Hackett
Mary,Zaleski
John,Garcia
Robert,Gephart
Phyllis,Nunes
Richard,Snyder
Maria,Humble
Marguerite,Johnson
Joseph,McKeehan
William,Owen
Susan,Bowers
Edward,Smith
Wilma,Dionne
Latonia,Bailey
Nona,Patridge
Yvonne,Almeida
Howard,Daugherty
Ross,Stuart
Rita,Wickham
Thomas,Hanson
Stephen,Heflin
Myrtle,Siciliano
Richard,Lambert
Jaclyn,Lind
Jennifer,Chmura
John,Lewis
Maura,Adelson
Richard,Castro
Waylon,Fletcher
Thomas,Liles
Lora,Jenkins
Alex,Lester
Rose,Holt
Justin,Crane
Jenny,Rael
Ruth,Austin
Michael,Fox
James,Stotts
Apolonia,Peterson
Julie,Candelaria
Antoine,Hale
Michael,Mosher
James,Morrison
Joyce,Gomez
Derek,Levy
Irene,Reynolds
Naomi,McElveen
Robert,Garza
Stephen,Worley
Eli,Shull
Brian,Plaza
Tera,Curci
William,Howells
Jan,Bolduc
Vance,Chappel
John,Duncan
Alice,Frazier
Mildred,Brodie
Keith,Dawson
Patrick,Ramirez
Betty,Roberts
Andrea,Alexander
Leora,James
Kenneth,McCain
James,Duke
Brian,Martinez
Fannie,Clausen
Sandra,Burdine
John,Schweizer
Megan,Dyer
Gregory,Hadlock
Katlyn,Camacho
Loretta,Garcia
Domonique,Rivera
James,Chapman
Margaret,Myer
Lois,Carvajal
Daniel,Tharp
Clifford,Nelson
Aron,Goldman
Ronald,Threatt
Carl,Curtis
Raymond,Mason
Michele,Hanley
Malika,Jenkins
Eleanor,Oliver
Erika,Standley
Martha,Guion
Gary,Shin
Erin,Brooker
Joseph,Cannon
Nicholas,Dennis
Donald,Patterson
Michael,Weber
Shannon,Morrison
Gordon,Bridges
Gerald,Stewart
Victor,Bond
Norma,Nye
Ron,England
Carolyn,Bourn
Genevieve,Shirley
James,Leatherman
William,Garrison
Sharon,Clements
Patrick,Starnes
Michael,Robinson
Angel,Bourque
Jerry,Tieman
William,Villanueva
Ramon,Moritz
Anna,Berry
Anthony,Robinson
William,Garcia
Frank,Mendez
Mary,Covington
Luis,Sanchez
Salvatore,Williams
Elizabeth,Geiser
Marcellus,Mars
Shirley,Wiggins
Anton,Soto
Deborah,Sobers
Terry,Freeman
Shelby,Anderson
Jeremy,Schroyer
Arthur,Leavitt
Richard,Nilles
Clyde,Kime
Julio,Jessen
Timothy,Rogers
Janelle,Hall
Lawrence,Pierce
Charlie,Alvarez
Natalie,Morrison
Nancy,Burt
Sammie,McKnight
Maria,Devlin
Virgil,Letourneau
Thomas,Sanchez
William,Burdett
Sharon,Reich
Emily,Neth
Jacob,Neufeld
Ramon,Ratliff
Frederick,McCall
Willie,Perez
David,Baxter
Patricia,Stewart
Iva,Peres
Peter,Dominy
Krista,Young
Oscar,Abbott
Jennie,Little
Ethel,Schmidt
Janice,Dietz
James,Jones
Kasey,Heyward
Ronald,Gibbs
Mable,Pardo
Frank,Hervey
Mary,Hewitt
Christine,Tobin
Beth,Caldwell
Mark,Barefield
James,Carter
Catherine,Irving
Bessie,Lang
Harvey,Nelson
Christopher,Chevez
Rochelle,Adams
Phillip,Merrick
Alice,Pimentel
Orval,James
Theodore,Johnson
Judy,Gooden
Andres,Avila
William,Tanner
Ann,Durden
Charles,Scott
Rex,Oswalt
Billy,Huston
Joshua,Lee
Daphne,Whitley
Joel,White
Ramon,Sullivan
Murray,Green
Angelique,Gonzalez
Perry,Bond
Wes,Burns
Patricia,Rowe
Susie,Willie
Carolyn,Thomas
Frank,Powell
Jeffrey,Clark
Kenneth,Watchman
Eric,Rigby
Kathy,Schmidt
James,Alston
Bennie,Sloan
Linda,Gonzalez
Derek,Killian
Robert,Wright
Rasheeda,Miller
Ruth,Thacker
Barbara,Sims
Holly,Harris
Paula,Brown
Jessica,Gaines
Jason,Cooley
James,Mangrum
Susan,McDonald
Craig,Wininger
Tam,Hampton
Diane,Varela
Randy,Moore
Mark,Sidwell
Barbara,Gerace
Lisa,King
Terry,Olson
Kenny,Johnson
Andrea,Davis
Sandra,Cieslak
Kathleen,Field
Theodore,Aguirre
Julie,Jamison
Tammy,Knop
Ellen,Flynn
Frank,Menchaca
Emily,Tan
Marilyn,Liu
George,Custis
Luis,Shaw
Jeffrey,Miller
Maryanne,Galli
Leo,Hartwick
Heather,Kingsbury
Elvira,Rosenberg
Steven,Newton
William,Jones
David,Dunn
David,Williams
Janice,Utley
Harold,White
Arthur,Clark
Fatima,Horta
Geneva,O'Neill
James,Juarez
Many,Toles
Timothy,Rodriguez
Jerry,Brown
Connie,Lund
Sergio,Scott
Margaret,Haws
Terri,Moldenhauer
Margaret,Bearden
Richard,Stone
Joe,Farmer
Mary,Zimmerman
Lissa,Bethune
Lisa,Creel
Mario,Huerta
Melanie,Reed
Tamara,Richmond
Norman,Johnston
Florence,Treiber
Rod,Vanhorn
Elizabeth,Kelly
Loretta,Flynn
Alfred,Hurst
Jose,Ceja
Margaret,Cordova
Sandra,Wood
Theodore,Hayes
Caroline,Cooper
Steve,Long
Elsie,Blair
Virginia,Smith
Laura,Rodriquez
Jeff,Eslick
Donald,Lewis
Timothy,Sine
Matthew,Franco
Alma,Cammack
Dawn,Davis
Robert,Oakley
Maureen,Wisdom
Michael,Haley
Katie,McGuire
Joseph,Bates
Susan,Grant
Robert,Farris
Kimberlee,Williams
Jamie,Lawson
Joshua,Arocho
Shante,Bester
Pat,Bonner
Phyllis,Dorr
Stephanie,Wingard
Jeremy,Colvin
Katie,Sweeney
Rose,Edmundson
Anissa,Avery
James,Young
Clara,Estrada
Edmund,Bridges
Lara,Hung
Tonya,Robinson
Dena,Gaston
Sandra,Urick
Santos,Nunez
Wesley,Leboeuf
Ralph,Gaynor
Roberto,Johnson
Veronica,Brooks
John,Ammerman
Lindsey,Hendricks
Ralph,Patel
Cindy,Meier
Nicole,Hidalgo
Amy,Gary
Irene,Vibbert
Jack,Nutt
Sandra,Henke
Bonnie,Lindquist
Lori,Valenti
Aliza,Dickison
Michael,Colon
Lucretia,Wilson
Wanda,Drummond
Carlos,Watson
Martin,Reyes
David,Jordan
Ivonne,Blumenthal
Barbara,Kelly
Barbara,Pierce
Lauralee,Dalton
Sheri,Walton
Rolando,Kahn
Karen,Barker
Elizabeth,Rex
Curtis,Melton
Rodney,Thompson
Austin,Reese
Jeremy,Link
Matt,Morgan
Buster,Bitner
Trina,Medina
Ryan,Dehaven
Aimee,Mapes
Joyce,Estrada
Joseph,Brownlee
Keith,Smallwood
Arthur,Bittner
Aaron,Kelly
Glenn,O'Neill
Linda,Paiva
Vincent,Garcia
Jason,Jones
David,Austin
Lois,Tucker
Monica,Cortez
Donald,Higgins
Doreen,Thomas
Yuko,Torres
Melissa,Foster
Louis,McClure
Wayne,Chapa
Anthony,Jordan
Robby,Martin
Patricia,Dennis
Jerry,Davis
Sean,Donaldson
Anthony,Taylor
Angela,Santiago
Vincent,Cantu
Tommy,Duck
Norma,Ross
Christopher,Rabin
Wendy,Ryans
Ellen,Jones
Bernice,Skillings
John,Scarlett
Rebecca,Jones
Peggy,Neely
Connie,Estrada
Stefan,Roth
Richard,Spencer
Jonathan,Miller
Travis,Ellis
Gina,Jordan
Mose,Nelson
Maria,Breaux
Austin,Morris
Greg,Main
Roger,Schmidt
Tanisha,Iraheta
Mark,Mack
John,Purington
Devora,Jayne
Angela,Carranza
William,Pugh
Jason,Brigham
Connie,Fallon
Cynthia,Stengel
Vito,Smith
Josefina,Mahoney
Douglas,Erwin
Margaret,Greeley
Tom,Cooper
Donald,Wallis
Herman,Hackett
Kelly,Smith
Bernard,Freeman
William,Stanton
Robert,Ross
Dorothy,Gunn
Linda,Withrow
Stacy,Johnson
Tina,Howland
Edward,Conn
Johanna,West
Tony,Brooks
Benjamin,Diaz
Wayne,Edwards
Chris,Shields
Deidre,Jude
James,Hess
John,Graham
Kathleen,Hashimoto
Rebecca,Dyer
Theresa,Hernandez
Michael,Galloway
Darron,Mann
Charlotte,Jimenez
Dennis,Flores
Anna,Jensen
Marta,Rule
James,Espino
Angela,Norton
David,Ford
Kelly,Martinez
Bertha,Pankey
James,Joseph
Darlene,Moses
Rhonda,Murray
Jorge,Reese
Gerald,Work
Rosendo,Baugh
Reginald,Salsbury
William,Murphy
Guadalupe,Withers
Erin,Moore
Timothy,Kaul
Raymond,Andrade
Mary,Hopkins
Jose,Bryant
James,Holloway
Michael,Willis
Johanna,Caldera
Martha,Melancon
Francis,Rivera
Michael,Fontana
Maria,Santos
Aubrey,Fisher
Calvin,Gates
Jennifer,Kalb
Johnnie,Brewer
Carol,King
Estela,Horn
Sheila,Meyers
Rachel,Brown
Bertha,Geer
Cheryl,West
Charles,Barlett
Sarah,Peters
Sandra,Rogers
Raymond,Navarro
Stan,Robinson
Geraldine,Weir
Virginia,Moore
Alvaro,Alvarez
Carl,Bowman
Alexis,Kidd
Maria,Hartung
Paul,Clay
Christopher,McNiel
Donn,Vaughan
Thomas,Lopez
Seth,Sheeley
John,Garcia
Matthew,Salazar
Cheryl,Smith
Marilyn,Haynes
Shane,Holt
Paul,Klein
Bob,Mills
David,Guzman
Pedro,Rasmussen
Cathy,Haile
Lisa,Worthen
Nina,Clement
Annie,Garcia
Charles,Barrett
Lisa,Deaton
Scott,Chapman
Heather,Hogg
Lon,Johnson
Anthony,Breton
Robert,Crossen
James,Bly
Charles,Lucas
Billy,McLachlan
Pamela,Allen
Clara,Amaya
Mark,Peters
Mable,Colbert
Lara,Joyce
Patricia,Connor
Caroline,Grose
Brandon,Burton
Laurie,Vidales
Richard,Dominguez
John,Jakes
Esperanza,Murphy
Sandra,Randazzo
Audrey,Hayes
Jeremy,Wilkins
Miranda,Dutton
Jimmie,Alvarez
Kristin,Thorpe
Ryan,Kimbell
Frank,Knott
Gabriel,Ferris
Nathaniel,Lee
Sharon,Montoya
Charlene,Abel
Travis,Standridge
Andrew,Moseley
Marilyn,Duncan
Christian,Cameron
Irene,Hillenbrand
Elsie,Thompson
Kathleen,Page
Margaret,Finley
Ginger,Miguel
Sheri,Allsop
Carrie,Fox
Clyde,Owens
Clara,Jones
Maria,Mullins
Harold,Planas
Edward,Bott
Anna,Miley
Jose,Morales
Chelsea,Crawford
Deborah,Maloney
Ralph,Bash
Dennis,Keys
Terry,Johnson
Darlene,Barnard
Russel,Moore
James,Lafreniere
Chris,Flavin
Robert,Harrison
Christine,Rankin
Polly,London
Frank,Miller
Kira,Gonzalez
Clinton,Michaels
Ron,Sullivan
Richard,Plummer
Ken,Brown
Shirley,Mahlum
William,Barbieri
Robert,Chaffin
Dorothy,Borowski
Mindy,Lamb
William,Carbaugh
Casandra,Morin
Linda,Williams
Phyllis,Faucett
Adam,Howard
Michael,Swain
Jennifer,Pence
Joi,Buchanan
Van,Day
David,Larson
Casey,Carlton
William,Huey
Donald,Vigil
Jason,Levinson
Robert,Pierce
Rosa,Davis
Randy,Welch
Melanie,Meader
Elizabeth,Cecere
Rick,Otero
Gail,Coleman
Jason,Hicks
Patricia,Ballesteros
Curtis,James
Elena,Ohara
Yvonne,Stephens
Helen,Griggs
Janie,McKnight
Laura,Gettys
William,Holt
Earl,Brown
John,Wrenn
Patricia,Blackwell
Mercedes,Wharton
Jesse,Kurt
Charlotte,Peeples
Jeannette,Ansari
David,Bell
Louis,Agnew
Philip,Keen
Frances,West
Norman,Kline
Geneva,Trail
Elizabeth,Wallace
Sheila,McCauley
Mildred,Montalvo
Samuel,Young
Guadalupe,Gant
Rose,Geiger
Esther,Knox
Robert,Taylor
Walter,Hahn
Collin,Byrd
Jessica,Price
Gary,Payne
Shawn,Todd
Yolanda,Williams
Veronica,Aguiar
Kathleen,Couch
Vicki,Woodward
Roy,Bayer
Helen,Maguire
Kimberly,Chang
Kathryn,Beck
James,Mora
Yolanda,Bonfiglio
Cheryl,Roberts
Walter,Gore
James,Nix
Kelly,Bloom
Cynthia,Howard
Edward,Baier
Louise,Wu
Dennis,Gonzales
Ola,Ortiz
Gertrude,Greathouse
Hanh,Berry
Maureen,Brown
Nancy,Ballard
Nancy,McKnight
Anne,Flynn
Jerry,Anderson
Debra,Gamble
Jon,Allen
Yolanda,Escobedo
Timothy,Webb
Isabel,Swann
Edward,Sammons
Mary,Cash
Donna,Oglesby
Rosemarie,Gerhard
Randy,Rodriguez
Dorothy,Jacobs
Janet,Noyola
Jonathan,Prince
Jerry,Harris
James,Williams
Stewart,Shell
Tamesha,Cantu
David,Epp
Molly,Freeman
Ebony,Futrell
Phillip,Fowler
Mark,White
Eugene,Mendell
Arnold,Johnson
Donny,Lee
Wanda,Levy
John,Moffatt
Troy,Smith
Fletcher,Stankiewicz
Robert,Obrien
Rodney,Smith
Javier,Diaz
Justin,Stephenson
Jeremy,Tejeda
James,Bright
Sam,Hecker
Patricia,Jolley
Thomas,Nava
Michael,Steele
Darren,Montiel
Ashley,Tate
Chelsea,Salomon
Jerry,Allen
Johnie,Gelinas
Laura,Smith
Herbert,Berger
Ashley,Siems
Matthew,Thomas
Rose,Preciado
Eugene,Sirianni
Diana,Kennelly
Jeffery,Roepke
Mildred,Ball
Josephine,Sasaki
Delbert,Maldonado
Pamela,Barrick
Brian,Andrews
Christopher,Oneil
Eddie,Watson
Jacqueline,Sanchez
Marketta,Spradling
Eric,Kirkpatrick
Sarah,Waters
Clyde,Payne
Rebecca,Baker
Beverly,Wilson
Sallie,Tobin
Elena,Abdullah
Albert,Avant
Timothy,Tuller
Carl,Hassan
Bob,Taylor
Thomas,Palos
David,Walker
Kim,Josey
Elizabeth,Simmons
Edward,Greene
Julia,Parisi
Mary,Figueroa
Peter,Hidalgo
Shirley,Childress
Roseann,Carter
Sharon,Wright
Timothy,Walker
Ada,Main
Gregory,Moore
Jason,Scott
Danielle,Guillen
Althea,Williams
Florence,Barcus
Christopher,Hutton
Daniel,Moore
Joshua,Hartman
Mario,Behrens
Carole,Doyle
Alan,Yarbrough
Frank,Palko
Lou,Miller
Frances,Johnson
Nathan,Gibbons
Anne,Boyle
Donald,Leung
Francisco,King
Helen,Fisher
Oma,Elliott
Lois,Cooper
Judy,Lacy
Rickie,Culp
Numbers,Perez
Jill,Hancock
Russell,Waltz
Roy,Southall
Faye,Thompson
Debra,Young
Benita,Wilbourn
Richard,Sand
Erin,Flowers
Jennifer,Mazon
Robert,Chavez
Lynn,Barnaby
Roy,Ahner
Diane,Hernandez
Chad,Cundiff
Inez,Smith
Sid,Bryant
Gloria,Kelly
Robert,Dobson
Rachel,Brown
Thomas,Dandridge
Darrell,Turner
Carl,Warr
Robert,Bishop
Robert,Jacobs
Frank,Stanley
Camille,Queen
Randall,Phillips
Victor,Lane
Michael,Davis
Howard,Caudill
Jeffrey,Brunson
Edna,Nesmith
Kyla,Hammett
Dana,Sheilds
Valerie,Marquez
Darlene,Williams
Robert,Taylor
Kimberly,Chambers
David,Smith
Sylvia,Ludwig
Reginald,McCarthy
Teri,Declue
Jackie,Wayne
Charlene,Littleton
Margaret,Lee
Carlos,Larocca
Andy,Gagne
Mary,Willson
Darrell,Garland
Tyler,Jefferies
Alice,Wagner
William,Duvall
Christopher,Stackhouse
Vicki,Quick
Ashley,Jones
Betty,Pleasant
Roy,Morris
Nola,Nagata
William,Gee
William,Curran
Antonio,Bonds
Beatrice,Fraser
Donna,Swanner
Ann,Johnson
Dorothy,Hayes
Elizabeth,Booker
Sherman,Lau
Steven,Mills
Patrick,Cruz
Tiffany,Osorio
Lisa,Jost
Gwendolyn,Hernandez
Mary,Shier
Morris,Herzberg
Antonio,Johnson
Harrison,Hanna
Andrew,House
Ruth,Johnson
Donald,Williams
Susan,Krupa
Nancy,Eaves
Elizabeth,Lindsey
John,Bennett
Mary,Morehead
Ashley,Park
William,Portillo
Victor,Madrid
Alan,Hagemann
Maria,Bryant
Ruth,Dellinger
Paulette,Newell
Matthew,Elliott
Richard,Henderson
Vicki,Norton
Ethel,Carter
Ernest,Roldan
Judy,King
Thomas,Cox
Joseph,Muir
Jodi,Parker
Patti,Palmieri
Marilyn,Knopp
Gerald,Caldwell
Linda,Kaufman
Carey,Garcia
Karen,Hagan
Thomas,Jewett
Suzanne,Blanton
Wesley,Roden
Yasmin,Smith
Hazel,White
Alice,Reeves
Maria,King
Mary,Burton
John,Hunter
Seth,Vega
Alayna,Ward
Frances,Ballard
Barbara,Castaldo
Nicholas,Kline
Clyde,Howard
Diana,Briggs
Jason,Carter
Darren,Brosnan
Willie,Phillips
Vera,Gates
Donald,Utterback
Jeanette,Wright
Aaron,Deanda
Patti,Yamasaki
David,Roberts
John,Buckler
Kemberly,Compton
Bessie,Cruise
Yolanda,Stouffer
Elise,Lara
Donald,Young
Benjamin,Ramsey
Evelyn,Vega
Tabitha,Francois
Clint,Price
Keith,Flores
Marci,Amaya
Michele,Shrader
Michael,Hampton
Patricia,Hoffman
Cynthia,Jacks
Tyrone,Richards
Vernon,Lundquist
Stephen,Archibald
Marcos,Borkholder
Laura,Kelley
Pam,Johnson
Krista,Fortier
Steve,Carrillo
Hazel,Conrad
Aaron,Banks
Jeremy,Bice
Sandra,Rowley
Maxine,Wolfe
Nancy,Waller
Ernesto,Myers
Crystal,Sparks
Kimberly,Shin
Rosenda,Fouche
John,Smith
Alethea,Lummus
Steve,Thomas
Victoria,Alvarado
James,Curran
Mark,Arnold
Lily,Bump
Willie,Laster
Ronnie,Salazar
Joseph,Anson
Mary,Aldridge
Cory,Nguyen
Cecil,Nash
Theresa,Hill
Earnestine,Bainter
Andre,Brown
Barbara,Trusty
Marcia,Mathias
Frank,Williams
Jeanie,Park
James,Jenkins
Don,Cash
Oscar,Goudeau
Tracie,Peters
Marjorie,Harris
David,Lainez
Howard,Andre
Barry,Hawkins
Michael,Dixon
Cecil,Kenworthy
Richard,Elkin
David,Rusch
Michelle,Moser
Richard,Thompson
Carolyn,Prince
Kathy,Fletcher
James,Jones
Dewayne,Davis
Raymond,Ward
Bunny,Temple
Margaret,Beecham
Helen,Roberson
Kristen,Blackford
James,Ascencio
Sharon,Shuey
Derrick,Coleman
Jennifer,McCrimmon
Mike,Samuels
Joanie,Jones
Matthew,Hockensmith
Robert,Sanjuan
Melonie,Wilson
Blanche,Galarza
Trevor,Frahm
Guy,Kern
John,Noble
Joi,Moorehead
Donald,Enriquez
Shawn,Hickey
Mary,Sharp
Raymond,Gaona
Thomas,Flowers
Joyce,Galloway
Norma,Gonzalez
Carrie,Addison
Judith,Kuykendall
Cordell,Chabot
Rachel,Fisher
Susan,Sanchez
Stephen,Jenkins
Elias,Gray
Therese,Parker
Edward,Grandstaff
Mandy,Burns
Della,Gill
William,Moore
Melvin,Garrison
Elizabeth,Miller
Felice,Miller
Cathryn,Slack
Rafaela,Bass
Jesus,Hash
Cody,Monday
Dee,Roberts
Lamont,Pereira
Rose,Abraham
Tasha,McLeod
Tameka,Russell
Jarrett,Dean
Fredric,Fernandez
David,Garcia
Kimberly,Howerton
Katherine,Jackson
Marianne,Werner
Clinton,Sexton
Kelly,Irons
Christopher,Huseman
Steven,Fitting
Gerald,Wilson
Anna,Lewis
Christine,Vannote
Sybil,Patel
Shana,Graham
James,Pfarr
Tracey,Kim
Patricia,Sparks
Isabel,Reed
James,Lamons
April,Smith
Frances,Phillips
Ryan,Maple
Carl,Faulk
Gail,Garcia
Matthew,Fong
Mary,Acevedo
Conrad,Pena
Barry,Adams
David,Medley
Eric,Jensen
Yoko,Meadows
Jeanna,Richardson
James,Jones
Archie,Whitaker
Rebecca,Edwards
Pearl,Davidson
Jesus,Ayers
Dennis,Lefler
Keith,McNett
Nancy,Clark
Dolores,Parrish
Genevieve,Hull
Terry,Copland
Kay,Johnson
Joan,Lindberg
Susan,Walthall
William,Peters
Linda,Desalvo
Harriett,Anderson
Carmen,Howard
Johnie,Anders
Virginia,King
Nicole,Romans
Heather,Norris
Kenneth,Jewett
Gilbert,Robey
Eddie,Ingram
James,Smith
Bobette,Esparza
Rosa,Byrd
Eusebio,Myrick
Sandra,Stephen
Jose,Reaves
Denise,Bender
Steve,White
Erica,Hamilton
Barbara,Sanders
Michelle,Curry
Steve,Stewart
Margaret,Carlo
Marie,Quintero
Paul,Lambert
Devin,Bergh
John,Stutler
Vicki,Gautreau
Cindy,Johnson
Maryjane,Pitcher
Jennifer,Cooper
Veronica,Guan
Cindy,Sharp
Jonathan,Gilley
Reva,Billings
Stephanie,Smith
Roberto,Forte
Debra,Carpenter
Joseph,Torres
Delana,Stewart
Dawn,Gleaves
Richard,Melendez
Michelle,Freeman
Robert,Reynolds
Jean,Marshall
Jill,Baker
Ruby,Gillen
Robert,Lessard
Jamie,McIntyre
Janet,Sartain
Faye,Pennington
Luis,Smalls
Sandra,Burdick
Louis,McDaniel
Kelly,Armstrong
Caroline,Coghill
Stuart,Hutton
Alan,Laughlin
Leighann,Chamness
Esther,Nazario
Gary,Benjamin
Mabel,Olson
Emanuel,Galbreath
Michael,Smith
Justin,Macdonald
Kelvin,Swain
Bernardo,Holdsworth
Elizabeth,Bernard
Walter,Chunn
Andrea,Hinton
Paula,Morrison
Shanda,Richards
Joann,Babbitt
Angela,Sutton
Issac,Hasson
Mary,Wu
Georgia,Cha
Sandra,Gran
Mary,Snowden
Anna,Stubblefield
Hector,Howard
Irma,Saez
Rachael,Jackson
Pedro,Kingsbury
Donald,Kirk
Eleanor,Ray
Angela,Hall
Michael,Levasseur
Debra,Tanner
Velma,Charon
Johnnie,Carlson
Andrew,Lujan
Timothy,Esteban
Walter,Pettis
Robert,Lynn
Arron,Lane
Aaron,Numbers
Polly,Benson
Thomas,Burton
Dean,Hukill
Nina,Murry
Joseph,Beauchamp
Kimberly,Moore
Marvin,Sias
David,Forrest
Lawrence,Armstrong
Albert,Rice
Joseph,Decosta
Julie,Morales
Betty,McCardle
Hugo,Jimenez
Judith,Boyd
Terry,Bassham
Rebekah,Faris
Kayla,Ray
William,Gutierrez
Juanita,Brown
Peter,Hall
Ruth,Hefner
Jada,Robinett
Karen,Whitsett
Hazel,Capps
Esther,Fletcher
Carolyn,Pangle
Laurel,Ward
Timothy,Baez
Gary,Popp
Robert,Konopka
Hector,Adams
Maureen,White
Herschel,Newsome
Helen,Shuler
Linda,Johnson
Andrew,Headley
Amber,Williams
Carole,Garcia
Virginia,Stine
Shu,Carpenter
Carolyn,Fitzgerald
Barbara,Kelly
Robert,McKinley
Walter,Daniels
Dan,Smith
Anthony,Lee
Phillip,Noyes
Shirley,Dolan
Betty,Townsend
Abbie,Dougan
Gloria,Green
Gerard,Presley
Jenny,Cortez
Rose,Rayes
David,Benjamin
Gladys,Hamilton
Brian,Gay
Alexander,Palazzolo
Martha,Beam
Aimee,Mateo
Steven,Lawrence
Roger,Poston
Casey,Fleming
James,Winslow
Gregory,Davis
Paige,Smith
Daniel,Hunt
Carolyn,Stillwell
Henry,Pulliam
Beverly,Reyes
Krista,Crow
Manuel,Ramey
Ivan,Marmol
Kelly,Nyquist
Jane,Slaughter
Ricardo,Fizer
Paula,Brown
Valerie,Brown
Trevor,Vanzant
James,Bayless
Donald,Steveson
Benjamin,Hight
Robin,Shabazz
Ruby,Taylor
Kyle,Hill
Pauline,Payne
Brad,Anderson
Gail,Marco
Clyde,Boland
Willie,Sanders
Andrew,Pacheco
Darrell,Rock
Michael,Clayton
Todd,Jensen
Jesse,Lyon
Marian,Glenn
Marianne,Derouen
Mario,Martinez
Henry,Noe
Gary,Rigsby
Edna,Hover
Gregory,Pierce
Diana,Feldman
Vicky,Smith
William,Scherer
Octavia,Barge
Jeremy,Thurmond
Cheryl,Garcia
Brad,McElrath
Mark,Murdoch
Terry,Robbins
April,Decamp
Jesus,Williams
Leon,Erb
Jonathan,Bourque
Matthew,Richardson
Carolyn,Richardson
Ruth,Gary
John,Merino
Danelle,Granger
Dora,Toombs
Glenda,Black
Harry,Brooks
Joanne,Barge
Tosha,Terrazas
Carrie,Nevers
Clay,Gregory
Robert,Ayala
Carl,Burr
Judy,Smith
Michael,Decker
Marcos,Wu
Alice,Germany
Matthew,Steeves
Alvin,Carballo
Roderick,Paradise
Laura,East
Consuelo,Gillespie
Lisa,Seery
Maggie,Jones
Dana,Hara
John,Mims
Christopher,Campbell
Wendy,Mullins
Shannon,Parham
Darren,Hackworth
Sara,Bloom
Keith,Rowan
Barbara,Truesdale
Joe,Stephenson
Erika,McAllister
Frank,White
Fanny,Jenkins
Ramona,Jones
Carlos,Harrison
Fred,Valdovinos
Erin,Tatum
Jeana,Hernandez
Mary,Gonzalez
Jason,Allen
Antonio,Bernstein
Michele,Petersen
Lacey,Marshall
Lydia,Williams
Marilyn,Bradt
Todd,Springer
Herbert,Lane
Andrew,Thach
David,Marsh
Sherilyn,Wynter
Richard,Navarette
Nancy,Mullen
Janell,Romine
Kenneth,Arnold
Kerry,Freeman
Christopher,Brown
Sharon,Smith
Rosa,Kaufman
Scott,Bernal
Terry,Roberts
Brittany,Garza
Rey,Murphy
Bobbie,Nelson
Hope,Wetzel
Jesse,Robertson
Mark,Brown
James,Gann
Heather,Humphrey
Ralph,McCauley
Bradley,Coleman
Michael,Johnson
Dawn,Hernandez
Robert,Salazar
Thomas,Miller
Bobbie,Cannella
Thomas,Dubose
Jillian,Davidson
Ruby,Rabago
Norman,Brashears
Nina,McMahon
Dominic,Turner
Erica,Damico
Helen,Schweizer
Robert,Taylor
Silva,Smith
Ona,Ocasio
Burl,Woodman
Shawn,Stanley
John,Garces
Stephen,Smart
Mary,Dorsey
Paul,Cartwright
Mitchell,Rogers
Marian,Morales
William,Lehman
Donald,Reyes
Maria,Appling
Alexandra,White
Jeanette,Little
Thomas,Winer
Michael,Johnson
Russell,Thomas
Rita,Blewett
Brenda,Royal
Cynthia,Croll
Brandee,Dube
Florence,Bellows
Steven,Cummings
Kenneth,Fleming
Lester,Fairfax
Susan,Beck
Lynn,Lamontagne
Benjamin,Henderson
David,Hess
Sandra,Sansbury
Sandra,Hedges
Richard,Hill
Troy,Hagedorn
Mary,Robertson
John,Miller
Christopher,May
Wayne,Taylor
Thomas,Auger
Richard,Mitchell
Raymond,Quinlan
Victoria,Landis
Steven,Best
Jesus,Sauceda
Nathan,Crawford
Marcelino,Roberto
Donna,McCarthy
Harry,Robinson
Marguerite,Decker
Chris,Proper
James,Murray
Kirby,Foxworth
Brian,Delacruz
Ana,Magana
William,Bryant
Ruby,Camp
Stanley,Keeney
Eldon,Wallace
Delores,Lewis
Mark,Brock
Mary,Delgado
Cheryl,Blount
Claude,Galvez
Joyce,Pearson
Donald,Spear
Mario,Layden
Abby,Sanders
Essie,Coble
Abel,Griffin
Robert,Oglesby
Bernard,Alvarez
Dave,Mowery
Rachel,Scott
James,Williams
Yolanda,Whitfield
Belva,Shea
Daryl,Smith
Phoebe,Johnson
Frank,Feuerstein
Joan,Oh
Elizabeth,Welch
James,Blankenship
Doreen,Jackson
Tatiana,Taylor
Kenneth,Ferrell
Mi,Buckner
Megan,Stever
Stephen,Iversen
Tiffany,Damico
Kenneth,Cox
Joseph,Morris
Debbie,Doxey
Connie,Laird
Rodney,Case
Lynda,Matson
Doris,Ortiz
Lillie,Contreras
Carolyn,Salas
Sheena,Mayer
Margaret,Williams
Nicole,Peoples
Karen,Hutton
Jean,Johnson
Robert,Carrasquillo
Fern,Brown
Joann,Wallace
Charles,Schmucker
Howard,Walter
Raymond,Crawford
Alma,Hill
Pearl,Cole
Anthony,Scheetz
Leah,Sheldon
Wayne,Peterson
Dorothy,Cormier
John,Terrell
Debra,Clayborn
Jennifer,Sorensen
Cassandra,Mallory
Jason,Gonzalas
Walter,Vaughn
Robert,Lutz
Mattie,West
Philip,Delgado
Terry,Ornellas
Theresa,Sweeney
Michelle,Heath
Margaret,Patton
Cody,Montoya
Diane,Johnson
Robert,Stratton
Sharon,Johnson
Francisco,Clark
Becky,Kelly
Mary,Love
Gladys,Gholson
Hong,Belew
Cheryl,Lee
Henry,Elliott
Renee,Lee
Thomas,Peterson
Vicki,Nick
Kimberly,Strain
Carl,Singer
Eula,Reyes
Christine,Howard
John,Hampton
Robert,Johnston
Samatha,Dooley
Christine,Leatherman
John,Young
Robert,Post
David,Rojas
Kelly,Mattson
Charles,Keeble
Rebecca,Gardner
James,Fernandez
Jose,Tilly
Margaret,Brown
Kathleen,Trujillo
Miquel,Barnes
Edythe,Walters
Philip,Sullivan
George,Foster
Consuelo,Cavanaugh
Henry,Zimmer
Douglas,Norton
Louis,Gerhard
Anna,Maynor
Paula,Hughes
Charles,Gonzalez
Marvin,Melendrez
John,Jordan
Julie,Arguello
Marvin,Holden
Zachery,Kunkel
Barbara,Simon
Darrell,Rodgers
Ryan,Conroy
Samuel,Rathbun
Barry,Wang
Joseph,Norwood
William,Lowenthal
Herman,Barnett
Brenda,Cox
Donald,Shaw
Ericka,Orlando
Alva,Washington
Raymond,Hong
Adan,Alfred
Melissa,Paredes
Virginia,Ferrell
Rosemarie,Chavers
Steve,Owens
William,Austin
Delbert,Harvey
Michelle,Farrell
Mary,Hand
Dottie,Candelaria
Adam,Kurtz
Thomas,McLellan
Cassie,Siler
Elizabeth,Turner
Audrey,Garmon
David,Greenberg
Sherrie,Stone
Edmund,Hatch
Leah,Bland
Samira,Mendelson
Brandy,Chavez
Virginia,Roberts
Eileen,Torres
John,Christopher
Angelica,Washington
Kathy,Wright
Melissa,Etter
Walter,Hildreth
Faith,Fortune
Richard,Mattox
Dale,Sumpter
Deanne,Moore
Alisia,Koster
Kenya,Davis
Clyde,Hammer
Terence,Hill
Paul,Morgan
Jose,Fluellen
Maria,Church
James,Eslick
Stephaine,Carpentier
Kenneth,Logue
Michael,Galloway
Xavier,Roseboro
Kyle,Chavez
Eric,Jones
John,Hill
Mary,Robinson
Laura,Wall
Johnny,White
Jonathan,Vigil
Zachary,Gonzalez
Marilyn,Kibby
Stanley,Lawrence
Martin,Hernandez
Harry,Kelley
Vicki,Burchard
Betty,Watson
Peter,Gutierrez
Sandra,Schneider
George,Gingras
James,Flannagan
Joseph,Howle
Margaret,Gragg
Stephen,Odell
Ivan,Dew
Julie,Dammann
Leisa,Thomas
Pamela,Lemmons
Mary,Roseman
Tamara,Carroll
Janice,Watson
Shirley,Lang
Lucille,Bush
Peggy,Swank
Todd,Aguiar
Lisa,Stinson
David,Butler
Albert,Newcomb
Stacy,Bryant
Sarah,Rotter
Mae,Liu
Lillian,Macpherson
Jennifer,King
Terri,Machado
Margaret,Pellerin
Carman,Treadway
Tina,Williams
Jonathan,Robinson
Sarah,Herndon
Kathryn,Pineda
Todd,Calvert
Martine,Blankenship
Bruce,Amburgey
Maria,Olson
Lauren,Phillips
Paula,Brandon
Wilson,Alvarez
Trisha,Crawley
David,Stamper
Bryan,Nelson
David,Serrano
Robert,Bell
Cecil,Robinson
Luis,Lloyd
Kathleen,Torres
John,Frazier
Martha,Rode
Rebecca,Hall
Edward,Bouffard
Ronnie,Smith
Russell,Fraser
Darrin,Johnson
Gertude,Hinkle
Thomas,Eastep
Kelley,Milton
Richard,Garcia
John,Justus
Kevin,Whitney
John,Thomas
Olivia,Nelson
Matthew,Higgins
Ellen,Zenon
Frank,Baumgart
Katie,Robinson
Dustin,Londono
Arthur,Miller
Brandy,Chiesa
Karen,Dave
Micheal,Machado
Anna,Roper
Angela,Oller
James,Cox
Percy,Ashlock
Frances,Dixon
Anna,Snow
Daniel,Marcum
Margaret,Leslie
Brooke,Owens
Robert,Bass
Robert,Lewis
Carl,Castle
Vicki,Gee
Rita,Archie
Mark,Mills
David,Gonzalez
Phil,Bagby
Leonor,Perry
Brenda,Portwood
Pearl,Beard
Jessica,Shelton
Michael,Smith
Bernadette,Wiese
Harold,Oglesby
Joan,Matteson
James,Wilson
Jean,Millett
Richard,Veilleux
Maudie,Ziegler
Carol,Thomas
Edith,Banks
Sarah,Nichols
Joshua,Israel
Gary,Nolan
William,Solomon
Eugene,Partridge
Henry,Klingler
Daniel,Berry
Sarah,Williams
Walter,Lightner
William,Andrew
Donna,Lafrance
James,Marx
James,Montoya
Alissa,Hardin
Michael,Chandler
Stephen,Wilkins
Trudie,Walker
Hector,Casanova
Paul,Valentine
Richard,Helsel
Cathy,Watson
Damian,Martin
Lance,Richards
Manuel,Galli
Cedric,Tindell
Sarah,Gonzalez
Agnes,Vo
Ruth,Eads
Robert,Russell
Jack,Finn
Gladys,McCoy
Carmen,Brookshire
Miguel,Williams
George,Gaiter
Mark,Bailey
Art,Johnson
Tony,Boone
William,Koch
Franklin,Gough
Nicole,Stickley
Van,West
Maria,Stpierre
Neva,Snyder
Israel,Lopez
John,Springs
Karen,Livingston
Edward,Neal
Archie,Cohen
Barry,Wilson
Kelly,Barnett
Ralph,Sheldon
Theresa,Casey
Hugo,Cook
Horace,Friend
Linda,Hemphill
Bert,Gordon
Melissa,Evans
Scott,Davis
Janet,Schilling
Carolyn,Marble
Lisa,Nelson
Debbie,Cook
Aaron,Briseno
Scott,Carter
Milan,Doi
Steve,Fitzgerald
Heather,Cassidy
Rosalinda,Haynes
Ron,Lowe
Wayne,Rodriguez
Timothy,Conner
Scott,Carrizales
Norma,West
Lydia,McAllister
Kathleen,Phan
Jane,Eldridge
Hilma,Cohen
Vanessa,Mandell
Regina,Teeters
Patricia,Byrd
Thomas,Lines
Karl,Johnson
Connie,Crutcher
Mary,Howington
Pauline,Scales
Lois,Lester
Greta,Smith
John,Valdes
Owen,McLean
Michael,Finnegan
Odell,Hassell
Bill,Gonzalez
Jeffery,Whitten
Donald,Porter
Linda,Huseby
Jerry,Waldron
Alan,Coleman
Joan,Coleman
David,Owens
Bennie,Morrison
Ethel,Hill
Randy,Hammond
Elizabeth,Wash
Raymond,Jacobson
Kyle,Cintron
William,Reed
Matilda,Lane
Sherry,Wilkins
Cassandra,Herman
Elmer,Cole
Ronald,Akers
Curtis,Doris
Steven,Logan
Laura,Regalado
Sandra,Baker
Tina,Johnson
Adam,Montiel
Donna,Rivera
Forrest,Kennedy
Todd,Dennis
Christopher,Massey
William,Blackburn
Bill,Voris
Joann,Lanier
Rachel,Benedict
Margaret,Gorski
Willie,Danek
Lorraine,Price
Joanie,Grise
Vernon,Collins
Shelia,Schlueter
Joy,Barnes
Esther,Bove
Paul,James
Denise,Barlow
Mattie,Newton
Brigette,Davidson
Faviola,Hawkins
Melissa,Applin
Esther,Couto
Celeste,Collins
Savanna,McHenry
Russell,Johnson
Joseph,Bell
Norman,Giddings
Paul,Boone
Lewis,Schmidt
Calvin,Snow
Paul,Fairweather
Gary,Smith
Suzanne,Holmes
Robert,Daniels
Erica,Ward
Odessa,Douglas
Tonya,Moore
Frank,Deckert
Hazel,McDonald
Wanda,Cramer
Alicia,Maloney
William,Ryan
Martha,Gardner
Kristi,Lozano
Donald,Bailey
Sara,Segura
Kenneth,Weeks
Johnathon,Garon
William,Ward
Mario,Brown
Harold,Pham
Rhoda,Baker
Nancy,Lane
Freda,Halley
Caroline,May
Leslie,McKay
Kathryn,Wyatt
Deanna,Tucker
Joseph,Randall
Anthony,Fields
Ryan,Hawkins
Kimberly,Rock
Stephen,Elks
Amos,Cooke
Victoria,Bowen
George,Miller
Mary,Crosby
Sally,Matthews
Glen,Dunlap
Robert,Cola
Joe,Seamons
Latoya,Lawhorn
Margaret,Rojas
Tasha,Watson
Virginia,Fletcher
Jovita,Davis
Julie,Schmidt
Peggy,Ortega
Wm,Gibbons
Ruby,Lindsay
Herbert,Wells
Elizabeth,White
Ramon,Thomas
Harold,Warren
Aundrea,Kirby
Claire,Brown
Maria,Flowers
Reginald,Salerno
Barbara,Boykin
Scott,Landry
Paul,Wilson
David,Bradley
Ma,Seo
Elmer,Ward
Joseph,Rivera
Jesse,Larrabee
Danielle,Slack
Linda,Lopez
Kendall,Charlton
Carlene,Brown
Olivia,Pugh
Jennifer,McLean
Margaret,Dandrea
Ronald,Donovan
Ramon,Smith
Neil,Foster
Angela,Fields
Robert,Robillard
Stephanie,Galle
Walter,Mathena
Lauri,Rodriguez
Emily,Howard
Ilona,Yunker
Jody,Burkhart
Bill,Lloyd
Julie,Johnson
Violet,Chapin
Eric,Littlejohn
Eric,Beaman
Carl,Whitcomb
Warren,Summers
Horace,McKelvey
James,Davila
Jennifer,McKay
Peter,McGough
Janice,Thomas
Brain,Gatto
Sherry,Ransom
Harrison,Walker
Celia,Davenport
Lanita,Maravilla
Leonard,Battle
David,Dingman
Tracy,Warren
Francine,Grove
Irwin,Tierney
Bradley,Louis
Don,Eastwood
Rachael,Matthews
Faye,Mixon
Philip,Spencer
Stephen,Moore
Robin,Davis
Travis,Chason
William,Myrick
John,Usry
Michael,Serrano
Stephanie,Smith
Larry,Julius
Frances,Winstead
Linda,Baumgarten
Francine,Reinert
Paula,Hackney
Gerald,Williams
Brenda,Duncan
Debra,Troutman
Roseanne,Northern
Adela,Young
Adam,Hanley
Mamie,Cobb
Frank,York
Ellen,Frison
Julie,Sinclair
Christine,Maynard
Selena,Haile
Marion,Robinson
Jaclyn,Caldwell
Luis,Popp
Raymond,Lane
Debbie,Kim
Daniel,Mata
Albert,Willis
Bryan,Kirkpatrick
Gregory,Johnson
Kris,Wright
Emily,Miller
Donna,Chandler
William,Scarborough
Mary,Dyer
Jerry,Clark
Andrew,Ellison
Mark,Mong
Colleen,Robinson
Harvey,James
Latisha,Matthews
Scott,Asher
Donald,Slater
Dorothy,Paulino
Barbara,Mars
Alfred,Arias
John,Johnson
Deborah,Newman
Corina,Carter
Cornelius,Medlin
William,Jimenez
Martha,Caves
Allen,Davidson
Raymond,Joyce
Michael,Logan
Daniel,Lambert
Mary,Hiser
Gregory,Willhite
Joseph,Bollinger
Patricia,Bollman
Aaron,James
Lillie,Christie
Mary,Gardner
Roger,Rogers
Verena,Matsumoto
Kathy,Kapp
Donald,Williams
Greg,Carpenter
Stuart,Short
Richard,Clark
Sara,Lafferty
Carlton,Miller
Amy,Webb
Joann,Moua
Joe,To
Fredrick,Graves
Wanda,Knox
Eduardo,Williams
Susan,Campbell
Lucille,Lord
Julio,Maiorano
Elaine,Lor
Jeffrey,McCallister
Ron,Pulaski
Deborah,Lee
Cristobal,Jacobs
Gerald,Tilford
Mary,Moore
Joanne,Nowakowski
Kyle,Mitchell
Joyce,Davis
Lawrence,Watson
Brian,Frank
Connie,Chase
Austin,Revell
Brett,Peachey
Elizabeth,Nuzzo
Paul,Cotter
Evan,Board
Robert,Kerr
Leonard,Luker
Joan,Etheridge
Cynthia,Usher
Sabrina,Walsh
Celina,Rogers
Doris,Mace
Edna,Galloway
Frida,Hughes
Darrell,Bray
Mark,Shannon
Diane,Ros
Donna,Terry
Mae,Cole
Remedios,Palmer
Helen,Usher
Janell,Zhang
Yvonne,Smith
Thomas,Privette
Doris,Molinar
Mandy,Prudhomme
Jennifer,Hanson
Enrique,Olsen
Suzanne,Shields
Justin,Frison
Carolyn,Houser
Junior,Coyle
Christine,Harris
Aracely,Torres
Gerald,Brungardt
Earl,Baker
Adah,Gaines
Tom,Johnson
Edra,Brooks
Dustin,Say
Joseph,Grimm
Joane,Luna
Elaine,Lee
Jean,Shannon
Robbie,Ordonez
Michelle,Johnson
Albert,Colella
David,Patterson
Geraldine,Moore
Caitlin,Chamberlin
Jesus,Hodges
David,Barber
Maria,Daniel
Jack,Thigpen
Allene,Belz
Shannon,Wilcher
Angela,Steveson
Marsha,Loveland
Betty,Amidon
Travis,Bovee
Jessica,Wood
Bessie,Rousseau
Tonya,Robins
Lynn,Yearby
Hulda,Reid
Louise,Hardin
Paul,Davila
William,Wilkins
Vicky,Stewart
Joe,Moran
Margaret,Powers
Matt,Garcia
Walter,McDonald
Lolita,Turner
Josephine,Hill
Cynthia,Ornelas
Susan,Jones
Cindy,Cassady
Bill,Ward
Robert,Jackson
Stacey,Torres
Philip,Singletary
Debra,Jones
Sarah,Reed
Althea,Nakashima
Chester,Carney
Janet,Cantor
Michael,Storey
Lorretta,Sasser
Nicholas,Gilchrist
Maria,Sherwood
Jon,Fricke
Andrea,Hensley
Eric,Britt
Gwendolyn,Troutman
Robin,Regalado
Carrie,Campbell
Elizabeth,Nava
Michael,Holland
Rochelle,Campbell
Ida,Miller
Shirley,Petti
Betsy,Sloat
Nella,Custer
Tam,Brown
Christine,Swope
Heather,Hernandez
Katherine,Poole
Arthur,Renfroe
Patricia,Tincher
John,Davila
Nicholas,Ingraham
Anna,Bailey
Laura,Barker
Elizabeth,Tarwater
Ardith,Vigue
Margaret,Prince
Michael,Dutton
Howard,Brown
Gary,Jolley
Harry,Lee
Frank,Hartford
Christopher,Cooper
Fredia,Hendricks
Sara,Champagne
Emily,Loesch
Jesse,Danielson
Perry,Webster
Donald,Freeman
Tonya,Elias
Daisy,Scheetz
Kenneth,Shoop
Tony,Jenson
Robert,Boles
Ronald,Thompson
Kenneth,Conrad
Melissa,Eckhoff
Jeremy,Richeson
Mark,Simpson
Barbara,Brown
Vincent,Veloz
Barbara,Sutton
Kori,McCoy
Miguel,Coogan
Adelina,Kerley
James,Gooden
James,White
Harry,Rundell
Douglass,Bevins
Jamie,Fisher
Bryon,Reed
